op_type,cycles,cycles_%,macs,macs_%,energy_nJ,energy_%,energy_J
matmul_tile,794723064,95.09818275734172,3310438318080,99.79454051243135,1379029558.493665,96.61201715356297,1.379029558
softmaxop,3910032,0.4678824040308139,1972469760,0.0594609216244303,27291477.540864,1.9119856279252803,0.027291478
geluop,15887424,1.901121559868781,487587840,0.01469853831334036,7507990.806528,0.525994625801495,0.007507991
addop,12934548,1.5477743950156817,244678656,0.0073759398915129335,6791566.589952,0.47580339656006154,0.006791567
ucieop,3484092,0.4169135548825499,0,0.0,3567710.208000,0.24994654950742393,0.003567710
layernorm,4426570,0.5296923946429799,136347648,0.004110256580766749,2076099.280896,0.14544730974259645,0.002076099
conv2d,298027,0.03566251867659686,3973349376,0.11977827017881128,1114678.554624,0.07809212135936777,0.001114679
avgpool2d,23152,0.0027704155408757275,1179648,3.556097979033957e-05,10180.362240,0.0007132155545923949,0.000010180
