stage,cycles,cycles_%,macs,macs_%,energy_nJ,energy_%,energy_J,time_s@1.00GHz
patch_embed_A.json,59396,0.00710744650422662,347406336,0.010472708548255005,113791.463424,0.007971999402432697,0.000113791,0.000059
encoder_attention_A.json,7353456,0.8799295430868117,74431070208,2.243755580851266,35887465.365504,2.514203120691063,0.035887465,0.007353
encoder_ffn_A.json,55527624,6.644548742117486,116063207424,3.49877367961193,56098852.700160,3.9301719720084707,0.056098853,0.055528
connector_A.json,328561,0.039316279393817814,3628302336,0.10937668359013696,1049769.639936,0.07354473429240303,0.001049770,0.000329
decoder_attention_A.json,104603880,12.517113631129048,1356798197760,40.901246210829434,612814328.365131,42.932530372033526,0.612814328,0.104604
decoder_ffn_A.json,667813992,79.9119843577686,1765985746944,53.23637513656898,721425054.302417,50.5415778015721,0.721425054,0.667814
