op_type,cycles,cycles_%,macs,macs_%,energy_nJ,energy_%,energy_J
matmul_tile,260169048,86.20704385398885,1436722200576,97.85881825583411,1725898010.590167,97.81705567921715,1.725898011
conv2d,30032024,9.95111459220178,30527668224,2.0793174458563604,20465563.826688,1.1599070072843842,0.020465564
softmaxop,900300,0.298314508118376,457900032,0.031188740588030107,6308946.640896,0.3575660792602168,0.006308947
geluop,1701178,0.5636855251491755,214324224,0.014598170248799756,5943210.731520,0.33683761813922153,0.005943211
addop,4827726,1.5996675630570865,129171456,0.008798197752827728,3484034.531328,0.1974612622808987,0.003484035
layernorm,2407158,0.7976120790105673,76768512,0.005228899407670442,1059163.101696,0.06002916479203931,0.001059163
ucieop,826848,0.273976179505346,0,0.0,846692.352000,0.04798716519200974,0.000846692
reluop,920860,0.3051270664732731,29327360,0.001997561387311217,404072.366080,0.022901219474588085,0.000404072
avgpool2d,10438,0.003458632495545495,774144,5.272892488852235e-05,4495.804416,0.0002548043674564322,0.000004496
