op_type,cycles,cycles_%,macs,macs_%,energy_nJ,energy_%,energy_J
matmul_tile,2946867664,99.24305829791692,14813935697920,99.75404437024976,11921010094.784031,99.86773003020414,11.921010095
conv2d,3668398,0.12354237722361522,12678653952,0.08537548931445892,7825870.610244,0.06556088176597723,0.007825871
ucieop,6166864,0.20768440026810964,0,0.0,6314868.736000,0.05290253100104013,0.006314869
softmaxop,2604520,0.087713653841936,20686471168,0.1392985095140048,1034342.887424,0.0086651613763098,0.001034343
addop,773812,0.02606003329086979,790685696,0.005324317427189885,477577.291536,0.00400088244540132,0.000477577
geluop,6161392,0.20750011713193744,1577058304,0.010619591392838001,78854.465280,0.0006605997635808407,0.000078854
layernorm,3084933,0.10389275002210202,789358592,0.005315380977484725,39469.941280,0.0003306576715159188,0.000039470
avgpool2d,16283,0.0005483703045122495,3317760,2.2341124262899925e-05,17816.377600,0.00014925590819283766,0.000017816
