op_type,cycles,cycles_%,macs,macs_%,energy_nJ,energy_%,energy_J
matmul_tile,243905664,96.87957191996637,1735259062272,99.70454595262748,1446689142.472607,98.6362322028326,1.446689142
geluop,2272464,0.9026249571782574,286261248,0.016448003860762225,7938024.407040,0.541219807115111,0.007938024
softmaxop,764160,0.30352511075085775,651264000,0.037420338453828896,5377326.514176,0.3666297140906034,0.005377327
addop,2674700,1.0623934957670111,144015360,0.008274837107148578,3063290.658816,0.2088572035671196,0.003063291
conv2d,561061,0.22285398628950354,3973349376,0.22830077886268832,2520486.113280,0.17184842702875855,0.002520486
ucieop,672000,0.2669190672432166,0,0.0,688128.000000,0.046917026747890986,0.000688128
layernorm,905490,0.35966152708044674,86016000,0.004942308852392495,401124.950016,0.027348967065934107,0.000401125
avgpool2d,6168,0.002449935724339524,1179648,6.778023568995423e-05,13884.456960,0.000946651551124589,0.000013884
