op_type,cycles,cycles_%,macs,macs_%,energy_nJ,energy_%,energy_J
matmul_tile,2286827664,99.21321169827344,11011536977920,99.74786757372732,8864656956.332825,99.84285008756912,8.864656956
conv2d,3668398,0.15915215348187378,12678653952,0.11484942546649808,7825870.610244,0.088142973833309,0.007825871
ucieop,4886864,0.2120148711707518,0,0.0,5004148.736000,0.05636185072084676,0.005004149
softmaxop,1623496,0.07043480139537972,12650119168,0.11459094348878832,632525.287424,0.007124147923598447,0.000632525
addop,613812,0.02663001714454536,626845696,0.005678273759525598,378617.931536,0.004264383107550345,0.000378618
geluop,4881392,0.21177747038058325,1249378304,0.011317477466294664,62470.465280,0.0007036063922807432,0.000062470
layernorm,2444933,0.10607255594101243,625518592,0.0056662522048312805,31277.941280,0.0003522842246067825,0.000031278
avgpool2d,16283,0.0007064322124113444,3317760,3.0053886735793505e-05,17816.377600,0.00020066630063440187,0.000017816
