op_type,cycles,cycles_%,macs,macs_%,energy_nJ,energy_%,energy_J
matmul_tile,270685040,89.82791090714568,372670398464,92.37712603585338,273416925.077491,93.3122804895546,0.273416925
conv2d,29971613,9.946199399521486,30527668224,7.567164622498404,19558699.915020,6.675032615351513,0.019558700
addop,45666,0.015154444366359201,45727744,0.011334942587964351,27621.534208,0.009426732989694183,0.000027622
geluop,370813,0.12305577407311247,94781440,0.02349431847774051,4739.854496,0.0016176271168475674,0.000004740
layernorm,137991,0.04579286411243096,35127296,0.008707315266426216,1757.380672,0.0005997624256293206,0.000001757
reluop,115052,0.03818046540617437,29327360,0.007269633547995768,1466.999488,0.0005006605485870799,0.000001467
softmaxop,4376,0.0014521930658955868,18404096,0.004561986953552407,929.210368,0.0003171227913855158,0.000000929
avgpool2d,6792,0.0022539523088580494,1376256,0.00034114481454281816,659.247216,0.00022498922154842987,0.000000659
ucieop,0,0.0,0,0.0,0.000000,0.0,0.000000000
