op_type,cycles,cycles_%,macs,macs_%,energy_nJ,energy_%,energy_J
matmul_tile,2399115120,98.04440063029496,11662557118464,99.62753747404113,9229332985.997711,99.72625286595768,9.229332986
conv2d,29971613,1.224846947948107,30527668224,0.26078298087531404,19558699.915020,0.21133876699582652,0.019558700
ucieop,4666400,0.19070130786437975,0,0.0,4778393.600000,0.05163225654222722,0.004778394
softmaxop,1897876,0.07756031102443374,9713124096,0.08297448192834238,485665.210368,0.0052477867740646795,0.000485665
addop,605890,0.024760846781662318,619167744,0.005289248060394648,373979.684864,0.00404098461677149,0.000373980
geluop,9331269,0.38134004850298797,2388541440,0.020404144597513527,119428.649760,0.0012904693918266016,0.000119429
layernorm,1257999,0.05141052087092445,321847296,0.0027493844803893113,16093.394624,0.00017389490055019083,0.000016093
reluop,115052,0.004701818719443815,29327360,0.0002505293331244587,1466.999488,1.5851455583678162e-05,0.000001467
avgpool2d,6792,0.00027756799310279173,1376256,1.1756683789080746e-05,659.247216,7.123402597320798e-06,0.000000659
