op_type,cycles,cycles_%,macs,macs_%,energy_nJ,energy_%,energy_J
matmul_tile,51013488,61.61195120077721,206844788736,87.08255436303115,137790686.920707,86.18052548639851,0.137790687
conv2d,30032024,36.27141898528033,30527668224,12.852280900758206,20268287.359872,12.676703298447697,0.020268287
addop,477570,0.5767890157786343,38338560,0.016140700260336153,646633.488384,0.40443381966812536,0.000646633
layernorm,522679,0.6312697740188054,39412992,0.016593040798481392,433818.327552,0.27132959614009744,0.000433818
reluop,460430,0.5560880426638118,29327360,0.01234694592564176,404072.366080,0.25272512694088123,0.000404072
softmaxop,14646,0.017688824518068302,13670400,0.005755297769110247,188350.771200,0.11780308815156305,0.000188351
ucieop,127968,0.1545543831713891,0,0.0,131039.232000,0.08195786032762005,0.000131039
geluop,127617,0.1541304600930167,32658432,0.01374934170413731,13112.371200,0.008201069793918724,0.000013112
avgpool2d,21618,0.02610931369873007,1376256,0.0005794097529351439,10105.847808,0.006320654131582893,0.000010106
