op_type,cycles,cycles_%,macs,macs_%,energy_nJ,energy_%,energy_J
matmul_tile,1801259120,97.65407019607713,8410005438464,99.54183688902205,6665989882.571703,99.64328848518117,6.665989883
conv2d,29971613,1.6248911482494854,30527668224,0.36132915646610936,19558699.915020,0.29236365676504006,0.019558700
ucieop,3546400,0.19226572717831286,0,0.0,3631513.600000,0.05428390436486183,0.003631514
addop,465890,0.02525791778567115,475807744,0.005631717742673883,287390.244864,0.004295912472306754,0.000287390
softmaxop,1096376,0.059439298697510135,5609444096,0.06639405566711512,280481.210368,0.004192636150325086,0.000280481
geluop,7091269,0.3844484522056247,1815101440,0.021483759172278027,90756.649760,0.0013566313770784445,0.000090757
layernorm,977999,0.0530215680449647,250167296,0.0029610102342511454,12509.394624,0.00018699056543021968,0.000012509
reluop,115052,0.006237467979731347,29327360,0.00034712216381619954,1466.999488,2.19287241303167e-05,0.000001467
avgpool2d,6792,0.0003682237815799405,1376256,1.628953170981048e-05,659.247216,9.85443447771899e-06,0.000000659
