op_type,cycles,cycles_%,macs,macs_%,energy_nJ,energy_%,energy_J
matmul_tile,1078821840,98.69247793401898,1570420817920,99.1134751999933,1166568038.858796,99.3301167740989,1.166568039
conv2d,12387230,1.1332051114562325,12678653952,0.800183899564724,7718255.748624,0.6571886244656322,0.007718256
addop,133356,0.012199636306370137,135325696,0.008540768093091525,81739.067872,0.0069598607936099295,0.000081739
softmaxop,180520,0.016514280167566044,829063168,0.052324402990041,41472.487424,0.0035312702572994955,0.000041472
geluop,1040944,0.09522734796558202,266338304,0.016809325619661405,13317.683968,0.0011339648092845666,0.000013318
layernorm,524669,0.04799762276333208,133998592,0.00845701099570025,6701.480864,0.0005706129900761684,0.000006701
avgpool2d,25995,0.002378067321935959,3317760,0.00020939274347818866,5859.171024,0.0004988925828815566,0.000005859
ucieop,0,0.0,0,0.0,0.000000,0.0,0.000000000
