op_type,cycles,cycles_%,macs,macs_%,energy_nJ,energy_%,energy_J
matmul_tile,239745192,95.06102794550509,1735259062272,99.70454595262748,765791170.461758,96.96270938010142,0.765791170
softmaxop,1277808,0.5066618478713433,651264000,0.037420338453828896,8973115.392000,1.1361551471845546,0.008973115
geluop,2272512,0.9010705279899657,286261248,0.016448003860762225,7938024.407040,1.0050943172508258,0.007938024
addop,4926524,1.9534090829158381,144015360,0.008274837107148578,4000049.135616,0.5064769832864361,0.004000049
layernorm,2692914,1.0677635320788494,86016000,0.004942308852392495,1189243.060224,0.15057920968358915,0.001189243
conv2d,608516,0.24128182091462747,3973349376,0.22830077886268832,1185440.722944,0.15009776651883774,0.001185441
ucieop,672000,0.2664537722173775,0,0.0,688128.000000,0.08712917810227276,0.000688128
avgpool2d,5880,0.0023314705069020524,1179648,6.778023568995423e-05,13884.456960,0.0017580178735950008,0.000013884
