op_type,cycles,cycles_%,macs,macs_%,energy_nJ,energy_%,energy_J
matmul_tile,253673858,91.7648249342092,1394854533120,99.00690728885918,1679320738.312904,98.49185785596445,1.679320738
conv2d,12946941,4.683469489782961,13160812992,0.9341557566081041,8956502.889216,0.5252972760506865,0.008956503
softmaxop,848480,0.3069319766492368,432227376,0.03067954021529307,5955228.786528,0.349273092245452,0.005955229
geluop,1657498,0.5995888381955459,208819200,0.014822006656342208,5790556.416000,0.33961508746957897,0.005790556
addop,4136586,1.496382375023053,113796096,0.00807725770608142,3138936.877056,0.18409808064684277,0.003138937
layernorm,1952508,0.7063067365918444,62274048,0.0044202178438255395,859458.376704,0.050407078493230485,0.000859458
ucieop,815466,0.2949893825078335,0,0.0,835037.184000,0.04897477995394613,0.000835037
reluop,397476,0.14378428996633044,12642624,0.0008973746527217409,174190.073472,0.010216216333730247,0.000174190
avgpool2d,10289,0.0037219770739958485,571392,4.055745844913057e-05,4442.176512,0.0002605328497464706,0.000004442
