op_type,cycles,cycles_%,macs,macs_%,energy_nJ,energy_%,energy_J
matmul_tile,231315984,96.85273678023549,1003782930432,99.00258680535356,678905122.652182,97.32001343999079,0.678905123
softmaxop,700392,0.29325635369401315,714006528,0.07042209139528481,9837581.942784,1.4102023610436694,0.009837582
conv2d,2755356,1.1536763036826825,8940036096,0.8817510965805303,5582228.766720,0.8002039761903796,0.005582229
addop,863384,0.36150162148875464,107372544,0.010590098003854999,1199806.513152,0.17199043296240146,0.001199807
layernorm,1535244,0.6428115362120235,137895936,0.013600604234293979,1185846.804480,0.16998933002437955,0.001185847
ucieop,828480,0.34688720589100963,0,0.0,848363.520000,0.12161161613549433,0.000848364
avgpool2d,10541,0.004413550160893604,2654208,0.00026178315047295487,31240.028160,0.004478210369837629,0.000031240
geluop,823296,0.3447166486351447,210763776,0.02078752128200057,10538.188800,0.001510633285020277,0.000010538
