stage,cycles,cycles_%,macs,macs_%,energy_nJ,energy_%,energy_J,time_s@1.00GHz
patch_embed_B.json,763357,0.06983321164343403,781664256,0.04933293036346125,481234.481652,0.04097581595410234,0.000481234,0.000763
encoder_attention_B.json,39327024.0,3.597703813940803,213756641280,13.490755676812737,168328794.278019,14.33274205629313,0.168328794,0.039327
encoder_ffn_B.json,255333240.0,23.358324071861183,261078515712,16.477366255590837,189404675.346828,16.127296388271763,0.189404675,0.255333
connector_B.json,11655253.0,1.066242596199117,11903293440,0.7512488154138713,7244224.517484,0.6168261458314945,0.007244225,0.011655
decoder_attention_B.json,90640736.0,8.291970468083257,385385037824,24.322684692507256,291480407.458311,24.818769197996602,0.291480407,0.090641
decoder_ffn_B.json,695394944.0,63.615925838272204,711562362880,44.908611629311835,517496048.416305,44.06339039565291,0.517496048,0.695395
