stage,cycles,cycles_%,macs,macs_%,energy_nJ,energy_%,energy_J,time_s@1.00GHz
stem_stage123.json,30118901,1.6328762696189416,30523129856,0.3612754397960663,19526502.030628,0.2918823624427263,0.019526502,0.030119
stage4.json,675936,0.03664542255977895,2822504448,0.03340750246086275,2177645.077632,0.03255146205009061,0.002177645,0.000676
patch_embed_4_5.json,76080,0.004124626811337143,77905920,0.0009221038485732005,48067.330824,0.0007185109783215988,0.000048067,0.000076
stage5.json,318252,0.017253821398024033,1235275776,0.01462087280528677,965711.708208,0.014435469004546848,0.000965712,0.000318
connector.json,891962,0.04835712907326367,3634237440,0.043015271882455346,3080261.728320,0.046043785455975296,0.003080262,0.000892
decoder_attention.json,669389560,36.29051165096179,3763607868160,44.546515845659926,2784999759.138323,41.630206363877576,2.784999759,0.669390
decoder_ffn.json,1143059820,61.97023107957686,4646813409280,55.00024296354683,3879055412.816778,57.98416204619077,3.879055413,1.143060
