stage,cycles,cycles_%,macs,macs_%,energy_nJ,energy_%,energy_J,time_s@1.00GHz
patch_embed_B.json,782876,0.32779266632764825,781664256,0.07709513781428522,514993.471488,0.07382352834653273,0.000514993,0.000783
encoder_attention_B.json,41269488,17.279665629674284,213756641280,21.082706023339423,178968127.537155,25.65480800793583,0.178968128,0.041269
encoder_ffn_B.json,64579680,27.039717014937615,261110366208,25.753179210927414,161420587.302916,23.139394889879604,0.161420587,0.064580
connector_B.json,2014337,0.843409296124081,8163680256,0.805179525067191,5173327.970304,0.7415886709362823,0.005173328,0.002014
decoder_attention_B.json,46249560,19.36483758459903,188508364800,18.59248168487514,139949470.433283,20.061543047841308,0.139949470,0.046250
decoder_ffn_B.json,83936736,35.14457780833734,341574942720,33.68935841797655,211574221.701119,30.328841855060436,0.211574222,0.083937
