stage,cycles,cycles_%,macs,macs_%,energy_nJ,energy_%,energy_J,time_s@1.00GHz
patch_embed_B.json,763357,0.025707935303172464,781664256,0.005263568876339222,481234.481652,0.004031520392376436,0.000481234,0.000763
encoder_attention_B.json,39575856,1.3328148502151285,213756641280,1.4393939540101164,168583598.246019,1.4123015703610808,0.168583598,0.039576
encoder_ffn_B.json,64479480,2.171505992900049,261078515712,1.7580498775967106,217842786.934253,1.8249682251419461,0.217842787,0.064479
connector_B.json,2933205,0.09878293429017089,11903293440,0.0801543685742192,7370432.133120,0.06174546625024941,0.007370432,0.002933
decoder_attention_B.json,1039256096,34.999519856889485,6938526285824,46.722631520360565,5343814151.914144,44.76756456136651,5.343814152,1.039256
decoder_ffn_B.json,1822335872,61.371668430401996,7424414842880,49.99450671058205,6198706691.367954,51.92938865648784,6.198706691,1.822336
