stage,cycles,cycles_%,macs,macs_%,energy_nJ,energy_%,energy_J,time_s@1.00GHz
patch_embed_B.json,58220,0.023084730087047197,347406336,0.019961279410691517,115756.756992,0.01465685322570434,0.000115757,0.000058
encoder_attention_B.json,7597512,3.012478767658916,74459381760,4.2782884767499105,36412157.067264,4.610423232598593,0.036412157,0.007598
encoder_ffn_B.json,21358224,8.468719274797209,116034895872,6.6671351034066575,55128184.848384,6.980203444867565,0.055128185,0.021358
connector_B.json,592190,0.2348084216806678,3628302336,0.2084750599233767,1116538.994688,0.14137358881821893,0.001116539,0.000592
decoder_attention_B.json,49693824,19.70402806652745,605046276096,34.764759654673256,258098262.638599,32.67980592756816,0.258098263,0.049694
decoder_ffn_B.json,172901376,68.55688073924871,940884885504,54.06138042583611,438908155.330603,55.573536952921756,0.438908155,0.172901
