stage,cycles,cycles_%,macs,macs_%,energy_nJ,energy_%,energy_J,time_s@1.00GHz
patch_embed_B.json,782876,0.02620292612805663,781664256,0.005263568876339222,514993.471488,0.004876845489998308,0.000514993,0.000783
encoder_attention_B.json,41269488,1.381293264075945,213756641280,1.4393939540101164,178968127.537155,1.6947785825540345,0.178968128,0.041269
encoder_ffn_B.json,64455264,2.1573231535471615,261078515712,1.7580498775967106,161418994.778116,1.5285931575193934,0.161418995,0.064455
connector_B.json,2932624,0.09815517404207812,11903293440,0.0801543685742192,7492644.392960,0.07095326647615478,0.007492644,0.002933
decoder_attention_B.json,1056233760,35.352233543038096,6938526285824,46.722631520360565,5631381881.094302,53.32762617343756,5.631381881,1.056234
decoder_ffn_B.json,1822068640,60.98479193916866,7424414842880,49.99450671058205,4580194400.338344,43.37317197452285,4.580194400,1.822069
