stage,cycles,cycles_%,macs,macs_%,energy_nJ,energy_%,energy_J,time_s@1.00GHz
stem_stage123.json,31107139,37.56989778985106,30523129856,12.85037022812055,21390647.500672,13.378678075413555,0.021390648,0.031107
stage4.json,688272,0.8312660541239865,2822504448,1.1882866304481323,2231625.056256,1.3957592079313088,0.002231625,0.000688
patch_embed_4_5.json,76823,0.09278359729288278,77905920,0.03279873065722154,51843.062784,0.032424995428904146,0.000051843,0.000077
stage5.json,340542,0.41129234460139397,1235275776,0.5200564663688502,987134.533632,0.617398568330908,0.000987135,0.000341
connector.json,501632,0.6058500901712166,2044258560,0.8606417317600454,1786588.439040,1.117413186226509,0.001786588,0.000502
decoder_attention.json,17617536,21.277721066827183,68705556480,28.925337659089863,51019488.669695,31.909894941825474,0.051019489,0.017618
decoder_ffn.json,32466096,39.21118905713227,132118609920,55.62250855355534,82418779.422723,51.548431024843346,0.082418779,0.032466
