stage,cycles,cycles_%,macs,macs_%,energy_nJ,energy_%,energy_J,time_s@1.30GHz
stem_stage123.json,14047014,5.081413554874013,13148600064,0.9332888818182887,9426139.730304,0.5528413919191257,0.009426140,0.010805
stage4.json,323008,0.11684598801800478,1232928048,0.08751334999007279,1208049.489504,0.07085188427002503,0.001208049,0.000248
patch_embed_4_5.json,42941,0.015533620131641146,43822080,0.003110495402026062,36220.907520,0.00212434968108466,0.000036221,0.000033
stage5.json,196483,0.0710764137846172,688398336,0.04886257929542351,770781.477888,0.045206194401211056,0.000770781,0.000151
connector.json,531432,0.19224197885001088,2044258560,0.14510166681801548,3073989.911040,0.18028895282566998,0.003073990,0.000409
decoder_attention.json,122837496,44.43564427437621,537802414080,38.17326644911325,508628907.208789,29.83099350072359,0.508628907,0.094490
decoder_ffn.json,138460728,50.08724416996551,853885255680,60.60885657756293,1181891002.367216,69.3176937261793,1.181891002,0.106508
