stage,cycles,cycles_%,macs,macs_%,energy_nJ,energy_%,energy_J,time_s@1.00GHz
stem_stage123.json,32604759,10.803590629127173,30523129856,2.0790083260215644,21581657.410048,1.223162766035398,0.021581657,0.032605
stage4.json,704800,0.23353556072623727,2822504448,0.19224798620942904,2771431.981056,0.15707377535559874,0.002771432,0.000705
patch_embed_4_5.json,76823,0.025455309849136954,77905920,0.005306371171321138,58109.620224,0.0032934228570119864,0.000058110,0.000077
stage5.json,341726,0.11323094924054222,1234673664,0.08409677642776109,1275719.264256,0.07230270939364974,0.001275719,0.000342
connector.json,531432,0.17609005406904898,2044258560,0.13923967125361542,3073989.911040,0.17422155911911347,0.003073990,0.000531
decoder_attention.json,126246648,41.831841274812575,555014946816,37.80348545318195,523778808.348714,29.685705960296342,0.523778808,0.126247
decoder_ffn.json,141289392,46.81625622217529,876440715264,59.69661541573436,1211874473.409312,68.68423980694288,1.211874473,0.141289
