stage,cycles,cycles_%,macs,macs_%,energy_nJ,energy_%,energy_J,time_s@1.00GHz
patch_embed_B.json,366477,0.14556502828287546,347406336,0.019961279410691517,232485.285888,0.015851002104983924,0.000232485,0.000366
encoder_attention_B.json,17952552,7.1307714798740225,74459381760,4.2782884767499105,63127164.026880,4.304052215819756,0.063127164,0.017953
encoder_ffn_B.json,7942800,3.1548880465765192,116034895872,6.6671351034066575,103736401.723390,7.072817171203992,0.103736402,0.007943
connector_B.json,236766,0.09404369029004081,3628302336,0.2084750599233767,2335153.127424,0.1592123002403232,0.002335153,0.000237
decoder_attention_B.json,131693232,52.308682511435315,605046276096,34.764759654673256,464104689.696785,31.64296779134943,0.464104690,0.131693
decoder_ffn_B.json,93569880,37.16604924354123,940884885504,54.06138042583611,833155513.712541,56.80509951928152,0.833155514,0.093570
