stage,cycles,cycles_%,macs,macs_%,energy_nJ,energy_%,energy_J,time_s@1.00GHz
stem_stage123.json,30118901,1.2308661520953574,30523129856,0.26074421181091434,19526502.030628,0.21099085730771633,0.019526502,0.030119
stage4.json,675936,0.027623409744689142,2822504448,0.024111278925149027,2177645.077632,0.023530236041295144,0.002177645,0.000676
patch_embed_4_5.json,76080,0.0031091538450030032,77905920,0.0006655122787747493,48067.330824,0.0005193847481306007,0.000048067,0.000076
stage5.json,318252,0.013005973047843003,1235275776,0.010552358493436786,965711.708208,0.010434861344203177,0.000965712,0.000318
connector.json,891962,0.03645172294816731,3634237440,0.03104551798249621,3080261.728320,0.03328333266096216,0.003080262,0.000892
decoder_attention.json,910557060,37.211645428412595,5552400188160,47.43144682575738,4123584872.164750,44.55681340131913,4.123584872,0.910557
decoder_ffn.json,1504329820,61.47729815990635,6115464929280,52.24143429475184,5105284312.655254,55.16442792657856,5.105284313,1.504330
