stage,cycles,cycles_%,macs,macs_%,energy_nJ,energy_%,energy_J,time_s@1.00GHz
stem_stage123.json,31107139,1.2638002335551062,30523129856,0.26074421181091434,21390638.604928,0.26515541339072984,0.021390639,0.031107
stage4.json,688272,0.02796265880798102,2822504448,0.024111278925149027,2231625.056256,0.02766291718791179,0.002231625,0.000688
patch_embed_4_5.json,76823,0.0031211139456574235,77905920,0.0006655122787747493,51843.062784,0.000642639474109303,0.000051843,0.000077
stage5.json,340542,0.013835314753160778,1235275776,0.010552358493436786,987134.533632,0.012236383876690671,0.000987135,0.000341
connector.json,892015,0.03624019442400852,3634237440,0.03104551798249621,3105771.560960,0.03849871700201354,0.003105772,0.000892
decoder_attention.json,924182364,37.54706877642171,5552400188160,47.43144682575738,4267124427.363789,52.89468736415667,4.267124427,0.924182
decoder_ffn.json,1504109684,61.10797170809238,6115464929280,52.24143429475184,3772316515.857759,46.76111656491187,3.772316516,1.504110
